crop,temp,rain,ph,soilType,season
Wheat,27.2,598,7.3,Loamy,Rabi
Potato,15.8,449,5.9,Loamy,Rabi
Rice,31.8,1475,5,Alluvial,Kharif
Maize,23.3,890,5.5,Alluvial,Kharif
Wheat,18.2,265,6.2,Clayey,Rabi
Sugarcane,27.2,1538,7.3,Alluvial,Kharif
Rice,37.1,1949,6.1,Alluvial,Kharif
Wheat,21,407,6.7,Alluvial,Rabi
Wheat,17.1,561,6.9,Loamy,Rabi
Wheat,19.7,342,6.6,Loamy,Rabi
Wheat,18.7,404,6.3,Loamy,Rabi
Maize,26.7,619,5.7,Alluvial,Kharif
Potato,17.3,402,6.4,Loamy,Rabi
Wheat,19.2,324,6.5,Clayey,Rabi
Sugarcane,36.8,2095,7.1,Loamy,Kharif
Maize,18.1,979,6.8,Alluvial,Kharif
Rice,31,1419,5.6,Silty,Kharif
Cotton,29,513,7.3,Clayey,Kharif
Cotton,27.9,600,7.3,Alluvial,Kharif
Wheat,19.3,288,6.6,Alluvial,Rabi
Rice,32.1,1810,5.1,Clayey,Kharif
Sugarcane,30.8,1840,7.3,Alluvial,Kharif
Sugarcane,37.3,2089,7.1,Loamy,Kharif
Cotton,30.7,657,6.6,Loamy,Kharif
Maize,27.3,814,6.1,Loamy,Kharif
Cotton,28.4,450,6.8,Loamy,Kharif
Wheat,21.9,428,6.6,Clayey,Rabi
Potato,17.3,403,5.8,Sandy,Rabi
Sugarcane,29.7,2163,6.7,Alluvial,Kharif
Maize,27.1,954,6.1,Loamy,Kharif
Rice,33.1,2043,5.6,Alluvial,Kharif
Potato,21.4,344,5.2,Sandy,Rabi
Rice,26,1528,5,Clayey,Kharif
Maize,20.3,752,6.3,Alluvial,Kharif
Sugarcane,26.7,2001,7.1,Alluvial,Kharif
Sugarcane,27.1,2353,7.2,Alluvial,Kharif
Wheat,25.1,325,6.5,Alluvial,Rabi
Maize,30.5,994,6.9,Loamy,Kharif
Cotton,34.2,560,6.7,Alluvial,Kharif
Rice,29.6,1763,6.4,Silty,Kharif
Wheat,26.3,459,6.3,Loamy,Rabi
Rice,31.8,1245,4.9,Alluvial,Kharif
Cotton,35.7,822,5.8,Alluvial,Kharif
Sugarcane,36.7,2522,6.8,Clayey,Kharif
Sugarcane,30.5,1739,7.2,Clayey,Kharif
Sugarcane,28.6,2577,6.7,Loamy,Kharif
Rice,35.1,1206,5.5,Alluvial,Kharif
Maize,21.2,556,6.6,Loamy,Kharif
Maize,24.9,541,5.9,Sandy,Kharif
Potato,23.2,502,5.3,Sandy,Rabi
Maize,24.7,680,5.5,Loamy,Kharif
Cotton,36.7,722,7.4,Clayey,Kharif
Maize,31.2,887,6.3,Loamy,Kharif
Rice,34,1677,6.5,Clayey,Kharif
Rice,31,2068,6.2,Alluvial,Kharif
Rice,27.8,1291,5.9,Clayey,Kharif
Wheat,19.7,423,6.7,Clayey,Rabi
Cotton,29,963,7.3,Clayey,Kharif
Cotton,35,614,5.8,Alluvial,Kharif
Maize,20.6,758,5.6,Sandy,Kharif
Wheat,22,469,6.4,Clayey,Rabi
Cotton,25.6,878,6.2,Loamy,Kharif
Sugarcane,36,1622,7,Clayey,Kharif
Cotton,33.2,654,6.9,Loamy,Kharif
Rice,25.8,2108,5.2,Alluvial,Kharif
Rice,33.6,2014,6.3,Clayey,Kharif
Sugarcane,29.6,1702,7.4,Clayey,Kharif
Maize,31.1,620,5.7,Sandy,Kharif
Cotton,33.6,546,6.7,Alluvial,Kharif
Cotton,37.3,694,6.6,Loamy,Kharif
Sugarcane,27.8,2088,7.4,Clayey,Kharif
Maize,30.4,510,6.4,Sandy,Kharif
Potato,23.3,355,5.4,Loamy,Rabi
Cotton,29.3,464,7,Loamy,Kharif
Wheat,21,433,7,Alluvial,Rabi
Potato,24,444,4.8,Loamy,Rabi
Cotton,28.5,605,6.7,Loamy,Kharif
Maize,25.1,1021,5.9,Loamy,Kharif
Wheat,23.2,324,6.5,Loamy,Rabi
Sugarcane,34.4,2009,7,Clayey,Kharif
Maize,24.6,552,6.8,Loamy,Kharif
Rice,34.7,1420,6.5,Clayey,Kharif
Maize,23.7,717,5.8,Loamy,Kharif
Wheat,17.2,263,6.4,Loamy,Rabi
Potato,18.7,415,5.1,Loamy,Rabi
Potato,17.4,510,5.2,Sandy,Rabi
Cotton,35.6,541,6.2,Clayey,Kharif
Maize,24,493,6.7,Loamy,Kharif
Rice,34,1613,5.6,Alluvial,Kharif
Maize,21.5,639,5.4,Alluvial,Kharif
Cotton,28.2,621,6.2,Alluvial,Kharif
Maize,29.5,711,6.8,Loamy,Kharif
Potato,22.7,448,5.5,Sandy,Rabi
Potato,20.6,336,5.3,Sandy,Rabi
Potato,14.3,277,5.7,Loamy,Rabi
Cotton,29.3,440,7.1,Clayey,Kharif
Wheat,21.5,516,6.6,Loamy,Rabi
Rice,32.1,1567,5.9,Clayey,Kharif
Sugarcane,32.8,2277,6.8,Alluvial,Kharif
Potato,20.4,426,5.3,Sandy,Rabi
Maize,27.1,566,6.8,Alluvial,Kharif
Cotton,32,690,6.4,Loamy,Kharif
Maize,18.3,637,5.6,Loamy,Kharif
Cotton,33.6,633,7.4,Clayey,Kharif
Potato,20.2,235,6.5,Sandy,Rabi
Rice,29.5,2004,6,Clayey,Kharif
Sugarcane,30.7,1854,7.3,Loamy,Kharif
Rice,30.6,1250,5.8,Clayey,Kharif
Sugarcane,37.5,2708,6.6,Clayey,Kharif
Rice,25.6,1474,6.2,Alluvial,Kharif
Potato,12.5,344,6.3,Loamy,Rabi
Potato,20.4,454,6.1,Sandy,Rabi
Potato,19.9,457,5.5,Sandy,Rabi
Maize,22.5,787,5.8,Sandy,Kharif
Potato,20.5,252,5.5,Sandy,Rabi
Maize,23.2,752,6.8,Sandy,Kharif
Potato,19.1,251,5.3,Loamy,Rabi
Potato,18.2,468,5.7,Sandy,Rabi
Wheat,19.1,494,6,Clayey,Rabi
Potato,24.8,367,6.6,Sandy,Rabi
Cotton,25.3,800,6.4,Loamy,Kharif
Rice,29.6,1773,5.1,Silty,Kharif
Rice,33.4,1472,6.3,Clayey,Kharif
Cotton,26.7,784,6.7,Alluvial,Kharif
Potato,19.9,593,6.3,Sandy,Rabi
Wheat,21.1,475,6.8,Alluvial,Rabi
Rice,34.4,1869,6.5,Clayey,Kharif
Potato,22.2,357,5.7,Loamy,Rabi
Cotton,28.5,670,7.4,Alluvial,Kharif
Wheat,26.3,530,6.6,Loamy,Rabi
Maize,27.5,623,5.7,Sandy,Kharif
Sugarcane,34.2,2371,7.4,Loamy,Kharif
Cotton,28.4,635,6.5,Alluvial,Kharif
Wheat,15.8,444,7.3,Loamy,Rabi
Potato,17.9,373,5.3,Loamy,Rabi
Rice,34.7,1619,5.3,Clayey,Kharif
Sugarcane,24.5,2119,6.5,Loamy,Kharif
Potato,20.4,506,5.4,Sandy,Rabi
Maize,22.7,587,6.1,Alluvial,Kharif
Rice,31,1683,5.5,Alluvial,Kharif
Rice,32.9,1318,5.5,Silty,Kharif
Wheat,13.6,480,6.4,Loamy,Rabi
Sugarcane,31.4,2248,7.2,Alluvial,Kharif
Cotton,22.9,479,6.5,Clayey,Kharif
Sugarcane,29.6,2244,6.7,Alluvial,Kharif
Rice,40.3,1689,5.5,Alluvial,Kharif
Potato,20.5,227,6.4,Loamy,Rabi
Rice,31.2,1854,5.7,Clayey,Kharif
Maize,25.4,868,6.9,Sandy,Kharif
Wheat,27.2,307,6.5,Clayey,Rabi
Wheat,22.2,418,6.7,Clayey,Rabi
Sugarcane,34.2,2617,7.4,Clayey,Kharif
Cotton,32.6,608,6.7,Clayey,Kharif
Maize,33.3,786,6.6,Loamy,Kharif
Cotton,26.6,874,6.6,Alluvial,Kharif
Wheat,18.6,486,7.3,Alluvial,Rabi
Wheat,20.5,404,6.7,Alluvial,Rabi
Cotton,34.7,726,6.6,Alluvial,Kharif
Cotton,32,442,6.3,Clayey,Kharif
Wheat,23.5,360,7.1,Alluvial,Rabi
Cotton,26.9,935,6.2,Clayey,Kharif
Sugarcane,37.8,2188,7.1,Loamy,Kharif
Sugarcane,32.8,1727,7.7,Loamy,Kharif
Cotton,34.7,374,6.7,Loamy,Kharif
Maize,21.9,991,6.4,Alluvial,Kharif
Maize,23,1016,6.2,Sandy,Kharif
Wheat,19.2,339,6,Loamy,Rabi
Wheat,16.1,531,7.3,Alluvial,Rabi
Sugarcane,33.2,1984,7,Alluvial,Kharif
Maize,27.4,829,6.2,Loamy,Kharif
Cotton,26.4,419,6.4,Clayey,Kharif
Cotton,36.9,569,6.8,Clayey,Kharif
Wheat,23.6,327,7.7,Loamy,Rabi
Cotton,26.3,713,6.5,Clayey,Kharif
Maize,24,799,6.4,Alluvial,Kharif
Potato,20.9,328,6.4,Sandy,Rabi
Maize,27.9,490,6.3,Loamy,Kharif
Potato,20.5,515,5.6,Loamy,Rabi
Wheat,16.4,446,6.2,Clayey,Rabi
Wheat,22.1,408,7,Clayey,Rabi
Wheat,23.9,500,7.3,Alluvial,Rabi
Cotton,26.5,850,6.5,Loamy,Kharif
Rice,28,1946,5.7,Alluvial,Kharif
Sugarcane,28,1792,7.2,Loamy,Kharif
Cotton,30.8,454,6.8,Alluvial,Kharif
Maize,21.9,643,6.4,Loamy,Kharif
Wheat,19.8,334,6.9,Clayey,Rabi
Rice,31.5,1431,5.9,Silty,Kharif
Cotton,33.1,899,6.5,Clayey,Kharif
Wheat,19.7,441,6.1,Alluvial,Rabi
Wheat,23.5,313,6.5,Alluvial,Rabi
Cotton,30.5,617,6.3,Alluvial,Kharif
Maize,21.5,1043,6.6,Alluvial,Kharif
Potato,21.8,337,6.2,Loamy,Rabi
Cotton,36.2,820,6.2,Clayey,Kharif
Wheat,21.5,413,6.1,Loamy,Rabi
Sugarcane,28.6,1677,6.2,Alluvial,Kharif
Cotton,28.6,693,7.2,Clayey,Kharif
Potato,24.6,402,5.8,Loamy,Rabi
Cotton,27.6,754,7.1,Alluvial,Kharif
Potato,16.2,461,4.8,Loamy,Rabi
Maize,24.6,673,7.1,Sandy,Kharif
Sugarcane,33,1526,6.5,Clayey,Kharif
Rice,28.7,2041,6,Silty,Kharif
Sugarcane,29.2,1812,6.8,Alluvial,Kharif
Maize,30,515,6.3,Loamy,Kharif
Cotton,35.6,635,7.4,Loamy,Kharif
Potato,21.5,296,6,Loamy,Rabi
Potato,19.5,357,4.5,Loamy,Rabi
Sugarcane,32.1,2419,6.7,Alluvial,Kharif
Cotton,26.5,927,7,Clayey,Kharif
Maize,23.1,591,5.3,Sandy,Kharif
Cotton,32.7,752,6.7,Alluvial,Kharif
Sugarcane,29.5,1827,7.2,Alluvial,Kharif
Maize,23.5,630,6.1,Alluvial,Kharif
Cotton,31.6,658,7.1,Clayey,Kharif
Maize,24.6,549,5.6,Sandy,Kharif
Rice,25,1518,6,Clayey,Kharif
Wheat,19.4,371,6.5,Loamy,Rabi
Maize,25.8,586,5.4,Loamy,Kharif
Rice,35.2,1000,5.5,Alluvial,Kharif
Cotton,24.2,845,5.8,Alluvial,Kharif
Cotton,33.5,681,6.3,Alluvial,Kharif
Wheat,21.5,489,6.1,Clayey,Rabi
Rice,35,2048,6.2,Silty,Kharif
Sugarcane,27.3,1768,6.5,Alluvial,Kharif
Maize,25.5,898,6.7,Loamy,Kharif
Potato,20.3,369,5.1,Loamy,Rabi
Cotton,28,629,6,Alluvial,Kharif
Cotton,25.8,876,6.3,Loamy,Kharif
Cotton,33.8,568,7.1,Loamy,Kharif
Potato,20.9,405,6.2,Loamy,Rabi
Cotton,32.6,619,6.4,Clayey,Kharif
Wheat,18.4,265,6.7,Alluvial,Rabi
Rice,37,1231,5.9,Alluvial,Kharif
Maize,25,1000,5.9,Alluvial,Kharif
Maize,20.1,918,6.3,Loamy,Kharif
Rice,33.1,1874,5.3,Clayey,Kharif
Rice,33.9,1743,6.3,Silty,Kharif
Maize,27,852,6.6,Alluvial,Kharif
Potato,20.7,524,5.7,Sandy,Rabi
Maize,28.2,865,6.1,Alluvial,Kharif
Cotton,28.2,672,6.1,Alluvial,Kharif
Cotton,35.1,700,6.5,Alluvial,Kharif
Cotton,26.3,829,6.8,Alluvial,Kharif
Cotton,29.2,665,7.2,Alluvial,Kharif
Maize,24.7,793,6.4,Loamy,Kharif
Cotton,35.6,458,6.9,Loamy,Kharif
Potato,17.1,440,5.5,Loamy,Rabi
Cotton,34.9,447,6.1,Alluvial,Kharif
Maize,25.2,577,6.3,Loamy,Kharif
Sugarcane,32.1,1718,6.9,Alluvial,Kharif
Sugarcane,31.7,2183,6.2,Alluvial,Kharif
Rice,35,1475,5.8,Silty,Kharif
Potato,12.7,548,5.8,Loamy,Rabi
Wheat,17.4,422,6.8,Alluvial,Rabi
Wheat,19.2,273,7.2,Clayey,Rabi
Rice,34.3,1867,5.8,Clayey,Kharif
Maize,19.8,600,6.9,Loamy,Kharif
Potato,25.5,396,5.9,Loamy,Rabi
Cotton,31.4,753,6.2,Alluvial,Kharif
Maize,29.5,747,6.5,Sandy,Kharif
Wheat,21.6,365,6.8,Loamy,Rabi
Maize,27.4,877,5.5,Sandy,Kharif
Maize,32.9,690,6.2,Alluvial,Kharif
Maize,26.5,976,5.4,Sandy,Kharif
Sugarcane,35.9,1929,7,Alluvial,Kharif
Sugarcane,31.2,2509,7.5,Clayey,Kharif
Potato,19.6,351,5.2,Sandy,Rabi
Rice,32.3,1667,5.3,Silty,Kharif
Sugarcane,26.8,2118,6.4,Loamy,Kharif
Sugarcane,31.2,2056,7.2,Clayey,Kharif
Rice,35.9,1957,6.1,Alluvial,Kharif
Rice,30.7,1069,5.2,Alluvial,Kharif
Potato,17.7,506,5.8,Loamy,Rabi
Maize,32.2,779,6.4,Loamy,Kharif
Potato,22.8,521,5.7,Sandy,Rabi
Potato,23.8,321,5.9,Loamy,Rabi
Wheat,15.3,253,6.4,Loamy,Rabi
Potato,15.3,446,5.8,Loamy,Rabi
Rice,37.1,1083,5.5,Silty,Kharif
Potato,17.9,252,4.9,Sandy,Rabi
Potato,24.7,495,6.1,Sandy,Rabi
Wheat,18.5,288,7.4,Loamy,Rabi
Wheat,26.7,283,6.4,Loamy,Rabi
Maize,28.7,768,6.2,Loamy,Kharif
Maize,26.4,842,6.5,Sandy,Kharif
Wheat,21.2,287,6.9,Alluvial,Rabi
Rice,31.2,1043,5.1,Clayey,Kharif
Wheat,16.3,238,7.6,Loamy,Rabi
Maize,29,974,5.8,Sandy,Kharif
Rice,26.9,1625,6.2,Silty,Kharif
Cotton,32.1,524,6.5,Clayey,Kharif
Sugarcane,25.6,2481,6.2,Clayey,Kharif
Sugarcane,23.1,1992,6.6,Clayey,Kharif
Maize,30.1,752,5.9,Loamy,Kharif
Wheat,16.8,433,7.6,Loamy,Rabi
Rice,27.2,1951,5.2,Alluvial,Kharif
Wheat,20.8,325,6.3,Loamy,Rabi
Maize,32.2,498,5.6,Sandy,Kharif
Cotton,36.4,609,7.4,Loamy,Kharif
Wheat,20.1,602,6.8,Alluvial,Rabi
Sugarcane,30.2,1704,7,Alluvial,Kharif
Cotton,33.3,996,7.5,Loamy,Kharif
Potato,18.9,385,6.3,Loamy,Rabi
Wheat,24.4,245,6.3,Alluvial,Rabi
Rice,35.7,1330,5.3,Alluvial,Kharif
Rice,26.1,1593,5.2,Alluvial,Kharif
Maize,25.9,702,6.7,Loamy,Kharif
Potato,22.4,300,5.6,Sandy,Rabi
Wheat,25.6,235,6,Clayey,Rabi
Sugarcane,31.8,1859,7,Loamy,Kharif
Cotton,28.5,672,7.6,Alluvial,Kharif
Rice,34.9,1522,5.7,Clayey,Kharif
Wheat,24.7,537,6.7,Loamy,Rabi
Maize,21.8,922,6.6,Loamy,Kharif
Wheat,18.1,412,7.5,Loamy,Rabi
Cotton,30.9,908,6.1,Clayey,Kharif
Wheat,25.3,484,5.8,Alluvial,Rabi
Sugarcane,33.5,2253,6.8,Alluvial,Kharif
Cotton,27.3,662,6.3,Alluvial,Kharif
Maize,28.3,916,6.8,Sandy,Kharif
Wheat,18.4,418,7.3,Clayey,Rabi
Sugarcane,32.6,2159,6.4,Alluvial,Kharif
Cotton,26.1,564,6.6,Loamy,Kharif
Cotton,33.6,608,7.5,Clayey,Kharif
Wheat,25.5,428,6.6,Alluvial,Rabi
Cotton,26.4,842,7.1,Clayey,Kharif
Potato,19.1,518,6.2,Loamy,Rabi
Sugarcane,33.2,2576,6.5,Loamy,Kharif
Rice,29.9,1567,5.1,Silty,Kharif
Sugarcane,30.7,1777,7,Alluvial,Kharif
Sugarcane,30.6,1652,6.4,Alluvial,Kharif
Sugarcane,31,2044,6.9,Clayey,Kharif
Cotton,33.9,636,6.1,Alluvial,Kharif
Wheat,19.3,288,5.8,Clayey,Rabi
Potato,24.4,365,6.7,Loamy,Rabi
Cotton,34.4,779,5.8,Clayey,Kharif
Wheat,13.4,484,6,Clayey,Rabi
Wheat,19.6,536,7.3,Clayey,Rabi
Rice,23.2,2068,5.2,Clayey,Kharif
Rice,36.8,2071,5.3,Clayey,Kharif
Cotton,29.1,864,7.1,Loamy,Kharif
Potato,24,419,5.7,Loamy,Rabi
Wheat,26.6,583,6.6,Clayey,Rabi
Rice,33.2,1366,5.7,Alluvial,Kharif
Cotton,25.2,891,6.1,Loamy,Kharif
Sugarcane,27.7,2253,7.7,Clayey,Kharif
Rice,30.5,1853,5.5,Silty,Kharif
Maize,24.1,823,6.9,Sandy,Kharif
Sugarcane,31.3,2271,7.1,Alluvial,Kharif
Sugarcane,33.9,1651,6.9,Loamy,Kharif
Maize,22.3,890,6.8,Sandy,Kharif
Maize,23.1,959,6,Sandy,Kharif
Sugarcane,33.1,1762,7.1,Loamy,Kharif
Rice,24.9,1580,5.4,Alluvial,Kharif
Sugarcane,30.9,1862,6.5,Loamy,Kharif
Cotton,25.2,793,7.4,Clayey,Kharif
Cotton,32.8,761,6.3,Clayey,Kharif
Rice,28.1,1963,6.6,Alluvial,Kharif
Rice,35.6,1620,6.4,Clayey,Kharif
Sugarcane,26.9,2285,7.9,Alluvial,Kharif
Potato,20.3,587,6.6,Sandy,Rabi
Wheat,27.6,352,6.4,Clayey,Rabi
Wheat,21.8,414,6,Clayey,Rabi
Maize,23,606,6.5,Loamy,Kharif
Maize,31.6,602,6.2,Sandy,Kharif
Wheat,16.3,322,6.4,Clayey,Rabi
Wheat,19.9,421,7.2,Alluvial,Rabi
Maize,27.4,659,6.6,Alluvial,Kharif
Wheat,15.9,553,7.1,Loamy,Rabi
Potato,22.6,536,5.5,Sandy,Rabi
Wheat,21.9,253,6.9,Loamy,Rabi
Cotton,30.4,720,6.3,Loamy,Kharif
Potato,15.3,441,6.5,Sandy,Rabi
Potato,19.7,366,5.3,Sandy,Rabi
Potato,17.2,318,6.7,Loamy,Rabi
Maize,21.8,551,6,Loamy,Kharif
Maize,24.8,738,6.8,Alluvial,Kharif
Wheat,24.8,326,7,Loamy,Rabi
Wheat,18.3,367,7.2,Clayey,Rabi
Potato,17.8,465,5.8,Loamy,Rabi
Wheat,17.5,434,7.4,Alluvial,Rabi
Wheat,19,556,6.3,Loamy,Rabi
Cotton,34,579,7.1,Alluvial,Kharif
Rice,32,1322,6.6,Alluvial,Kharif
Potato,20.6,370,6.2,Sandy,Rabi
Maize,25,735,6.6,Loamy,Kharif
Sugarcane,30.4,2290,7.3,Alluvial,Kharif
Potato,19.9,297,5.6,Sandy,Rabi
Rice,32,1814,6.2,Clayey,Kharif
Maize,22.4,982,6.9,Sandy,Kharif
Potato,18,451,5.8,Sandy,Rabi
Maize,22.5,838,6.5,Sandy,Kharif
Rice,23,1371,5,Clayey,Kharif
Sugarcane,34.7,1934,6.8,Alluvial,Kharif
Sugarcane,30.9,2376,7.5,Alluvial,Kharif
Sugarcane,30.4,1913,6.9,Clayey,Kharif
Cotton,35.1,501,6.9,Clayey,Kharif
Rice,32.6,1313,6.2,Clayey,Kharif
Cotton,30.9,709,7.2,Loamy,Kharif
Cotton,30.4,653,6.6,Clayey,Kharif
Sugarcane,23.9,1922,6.5,Clayey,Kharif
Wheat,16.3,524,7,Alluvial,Rabi
Wheat,18.3,394,7.2,Clayey,Rabi
Sugarcane,31.2,2508,7.2,Alluvial,Kharif
Rice,26.4,1700,6.3,Alluvial,Kharif
Maize,27.9,799,7.1,Loamy,Kharif
Maize,31.7,966,4.9,Alluvial,Kharif
Potato,19.3,449,4.9,Sandy,Rabi
Cotton,30.4,650,6.6,Clayey,Kharif
Rice,32.3,1590,4.9,Clayey,Kharif
Maize,21.4,668,5.6,Alluvial,Kharif
Maize,25.4,863,5.8,Sandy,Kharif
Cotton,30.3,625,6.1,Clayey,Kharif
Cotton,36,719,6.5,Loamy,Kharif
Maize,22.9,588,6.5,Alluvial,Kharif
Wheat,16,518,7.3,Clayey,Rabi
Rice,32.4,1879,6,Clayey,Kharif
Wheat,26.2,391,6.9,Alluvial,Rabi
Cotton,35,707,5.7,Loamy,Kharif
Rice,30.8,1312,6.1,Clayey,Kharif
Sugarcane,25.3,1666,6.9,Alluvial,Kharif
Potato,15.3,262,5.5,Sandy,Rabi
Potato,18.8,424,5.2,Sandy,Rabi
Maize,26.6,914,5.9,Sandy,Kharif
Cotton,30,669,7.4,Clayey,Kharif
Sugarcane,34.8,2301,6.7,Loamy,Kharif
Maize,29.3,528,6.8,Loamy,Kharif
Rice,26.9,1712,6.2,Silty,Kharif
Rice,33.3,1549,4.7,Alluvial,Kharif
Wheat,20.8,435,6.4,Loamy,Rabi
Maize,20.4,766,6.1,Loamy,Kharif
Cotton,29,861,7,Loamy,Kharif
Sugarcane,33.6,1640,6.7,Clayey,Kharif
Rice,35.3,1433,6.2,Clayey,Kharif
Rice,29.5,1181,5.7,Silty,Kharif
Potato,19.8,279,5.2,Sandy,Rabi
Cotton,26.2,555,6.3,Clayey,Kharif
Sugarcane,31.7,1935,6.5,Alluvial,Kharif
Rice,41.7,2087,5.4,Alluvial,Kharif
Wheat,26.6,349,7.8,Loamy,Rabi
Potato,21.4,412,6.5,Sandy,Rabi
Maize,28.1,605,6.4,Alluvial,Kharif
Rice,31,1043,5.6,Alluvial,Kharif
Wheat,19.5,437,7.3,Loamy,Rabi
Maize,32.9,929,7,Loamy,Kharif
Rice,32,1235,5.3,Clayey,Kharif
Rice,27.7,1302,6.3,Clayey,Kharif
Sugarcane,27.3,1432,6.3,Alluvial,Kharif
Maize,21.7,989,6.4,Alluvial,Kharif
Rice,31.8,1699,5.4,Silty,Kharif
Wheat,13,465,7,Alluvial,Rabi
Potato,23.4,333,5.7,Sandy,Rabi
Wheat,17.5,330,6.2,Clayey,Rabi
Wheat,23.4,354,6.9,Loamy,Rabi
Sugarcane,24.2,1895,7.3,Loamy,Kharif
Rice,30.4,2177,5.8,Alluvial,Kharif
Rice,25.9,1252,6.3,Clayey,Kharif
Wheat,17.7,642,7.1,Alluvial,Rabi
Potato,18.3,393,5.7,Loamy,Rabi
Sugarcane,29.6,1767,6.5,Clayey,Kharif
Potato,21.1,506,5.9,Sandy,Rabi
Cotton,32.4,652,7.5,Alluvial,Kharif
Maize,22.5,735,6.7,Alluvial,Kharif
Wheat,28.2,482,6.1,Loamy,Rabi
Rice,33.9,1362,5.2,Silty,Kharif
Sugarcane,36.6,1567,7,Alluvial,Kharif
Wheat,16,374,6.4,Loamy,Rabi
Rice,32.4,1462,5.9,Alluvial,Kharif
Potato,23.6,500,6.1,Sandy,Rabi
Sugarcane,26.1,2437,7.6,Alluvial,Kharif
Wheat,28.3,386,6.4,Alluvial,Rabi
Potato,17.8,171,5.2,Loamy,Rabi
Rice,33.3,1974,5.7,Alluvial,Kharif
Cotton,24.9,630,6.4,Alluvial,Kharif
Sugarcane,31.9,1816,6.9,Clayey,Kharif
Wheat,22.2,287,6.6,Loamy,Rabi
Sugarcane,23.8,1971,6.5,Alluvial,Kharif
Maize,24.2,816,6.5,Sandy,Kharif
Potato,21.7,271,6.3,Sandy,Rabi
Potato,20.6,445,6.4,Sandy,Rabi
Cotton,35.5,591,6.2,Loamy,Kharif
Rice,35.3,1240,6.1,Clayey,Kharif
Sugarcane,26.8,1625,7,Loamy,Kharif
Cotton,24.7,494,6.8,Clayey,Kharif
Cotton,35.5,734,7,Clayey,Kharif
Cotton,31.1,666,6.2,Loamy,Kharif
Cotton,28.2,860,6.2,Clayey,Kharif
Wheat,16.6,607,6.8,Alluvial,Rabi
Cotton,27.5,726,6.6,Loamy,Kharif
Cotton,33.1,632,7.4,Loamy,Kharif
Maize,27.9,699,6.6,Loamy,Kharif
Maize,27.6,944,6.2,Alluvial,Kharif
Rice,33,1689,6.5,Alluvial,Kharif
Rice,31.9,1523,5.8,Silty,Kharif
Potato,19.2,361,5.5,Sandy,Rabi
Potato,20.9,328,6,Loamy,Rabi
Wheat,23,478,7.1,Loamy,Rabi
Potato,16.5,439,5.1,Sandy,Rabi
Wheat,16,388,7.3,Loamy,Rabi
Sugarcane,34.9,2011,6.7,Clayey,Kharif
Rice,24.7,1882,6.3,Clayey,Kharif
Maize,34.8,461,6.5,Alluvial,Kharif
Wheat,17.4,488,7.3,Alluvial,Rabi
Cotton,29.8,728,6.8,Alluvial,Kharif
Maize,27.1,654,6.8,Alluvial,Kharif
Sugarcane,29.7,1814,7,Alluvial,Kharif
Potato,20.9,372,5.8,Loamy,Rabi
Potato,20.9,352,5.9,Loamy,Rabi
Rice,28.7,2038,6.3,Clayey,Kharif
Rice,33.7,1799,5.6,Clayey,Kharif
Cotton,24.4,858,6.8,Alluvial,Kharif
Cotton,34.7,580,7.2,Alluvial,Kharif
Potato,21.7,402,5.8,Sandy,Rabi
Wheat,27.4,527,6.2,Loamy,Rabi
Wheat,22.4,453,6.6,Clayey,Rabi
Sugarcane,27.9,1657,6.5,Alluvial,Kharif
Wheat,16.7,567,6.5,Loamy,Rabi
Cotton,25.9,733,6.8,Alluvial,Kharif
Potato,17.6,332,5,Sandy,Rabi
Wheat,20,580,7,Clayey,Rabi
Maize,33.1,810,6.1,Sandy,Kharif
Cotton,28.1,652,7.5,Alluvial,Kharif
Potato,17,431,5.9,Sandy,Rabi
Cotton,26.9,515,7.5,Loamy,Kharif
Wheat,17.7,230,6.4,Clayey,Rabi
Potato,17.7,391,5.6,Loamy,Rabi
Sugarcane,30.8,1858,7.6,Clayey,Kharif
Sugarcane,32.9,1611,6.6,Alluvial,Kharif
Cotton,30.8,822,6.1,Alluvial,Kharif
Potato,16.2,398,6.6,Sandy,Rabi
Wheat,17.3,423,6.2,Clayey,Rabi
Rice,26.2,1585,5,Alluvial,Kharif
Rice,25.6,1561,5.3,Silty,Kharif
Sugarcane,31,2189,6.7,Alluvial,Kharif
Sugarcane,29.6,2031,6.8,Loamy,Kharif
Sugarcane,36.1,1881,7.3,Loamy,Kharif
Potato,21.9,392,5.9,Sandy,Rabi
Rice,29.9,1660,5,Alluvial,Kharif
Rice,28,2244,6,Alluvial,Kharif
Maize,23.2,806,6.6,Sandy,Kharif
Wheat,23.5,250,6.5,Clayey,Rabi
Wheat,17.3,263,6.7,Alluvial,Rabi
Cotton,32.7,656,6.3,Alluvial,Kharif
Rice,28.4,1173,5.3,Silty,Kharif
Maize,22.4,702,6.2,Sandy,Kharif
Potato,18.8,489,5.3,Sandy,Rabi
Rice,29.5,1546,6.2,Clayey,Kharif
Wheat,20.2,548,6.9,Loamy,Rabi
Maize,29.8,1045,6.4,Alluvial,Kharif
Rice,32.1,1647,6.1,Clayey,Kharif
Cotton,30.9,573,7.7,Loamy,Kharif
Sugarcane,23.6,2105,7.3,Loamy,Kharif
Sugarcane,33.7,1642,6.9,Clayey,Kharif
Sugarcane,26.2,2585,7.3,Clayey,Kharif
Sugarcane,34.5,1907,7.3,Clayey,Kharif
Potato,21.8,446,5.8,Loamy,Rabi
Maize,24.6,821,6.1,Alluvial,Kharif
Potato,26.5,370,5,Loamy,Rabi
Wheat,19.3,286,6.8,Clayey,Rabi
Potato,18.6,410,5,Loamy,Rabi
Rice,31.9,1824,5.7,Alluvial,Kharif
Sugarcane,38,2287,7,Clayey,Kharif
Rice,34.6,1415,6.5,Clayey,Kharif
Wheat,17.1,332,7.3,Loamy,Rabi
Maize,27.9,655,6.8,Alluvial,Kharif
Wheat,25.3,322,7.3,Loamy,Rabi
Potato,20.7,298,5.8,Loamy,Rabi
Potato,19.3,270,5,Sandy,Rabi
Maize,24.1,608,6.4,Loamy,Kharif
Sugarcane,27,2285,6.6,Clayey,Kharif
Maize,27.8,838,7.3,Alluvial,Kharif
Rice,26.8,1207,5.8,Alluvial,Kharif
Maize,20.4,909,6.3,Sandy,Kharif
Rice,34.3,1696,5.5,Clayey,Kharif
Wheat,17.3,292,7.2,Alluvial,Rabi
Sugarcane,34.9,2098,6.5,Clayey,Kharif
Cotton,32.8,501,6.8,Alluvial,Kharif
Potato,17,620,6,Sandy,Rabi
Cotton,28.6,856,6.9,Clayey,Kharif
Rice,35,1401,5.1,Alluvial,Kharif
Wheat,15.4,450,6.3,Loamy,Rabi
Potato,19.4,290,5.7,Loamy,Rabi
Cotton,24,882,6.3,Clayey,Kharif
Maize,27.1,943,7.3,Loamy,Kharif
Potato,22.9,416,6,Loamy,Rabi
Potato,19.8,377,6.1,Sandy,Rabi
Sugarcane,32.6,1749,7.2,Alluvial,Kharif
Rice,24.5,1355,5.1,Silty,Kharif
Potato,21.3,457,5.2,Sandy,Rabi
Potato,15.1,447,5.8,Sandy,Rabi
Maize,25.5,665,6.1,Loamy,Kharif
Potato,13.9,499,5.3,Sandy,Rabi
Potato,21.3,505,6.4,Sandy,Rabi
Maize,22.4,1016,5.5,Loamy,Kharif
Potato,20.1,501,6,Sandy,Rabi
Rice,32.4,1630,6.6,Silty,Kharif
Sugarcane,30.4,1649,7,Loamy,Kharif
Rice,30,1268,5.4,Clayey,Kharif
Sugarcane,36.5,1997,6.9,Loamy,Kharif
Sugarcane,29.7,2561,6.7,Clayey,Kharif
Sugarcane,37.5,2101,6.6,Alluvial,Kharif
Wheat,18.4,314,6.3,Clayey,Rabi
Rice,28.3,1336,5.8,Alluvial,Kharif
Sugarcane,35,2505,6.6,Loamy,Kharif
Wheat,18.4,497,7,Loamy,Rabi
Cotton,32.7,846,7,Loamy,Kharif
Cotton,27.2,529,6,Alluvial,Kharif
Maize,26.9,582,6.6,Sandy,Kharif
Wheat,18,566,7,Alluvial,Rabi
Wheat,26.2,372,7.2,Loamy,Rabi
Rice,27.2,1288,5.4,Silty,Kharif
Cotton,28.8,856,7.3,Clayey,Kharif
Potato,23.1,407,5.8,Sandy,Rabi
Rice,30.7,1897,5.8,Alluvial,Kharif
Potato,20.8,482,5.6,Loamy,Rabi
Potato,23.2,298,5.3,Sandy,Rabi
Wheat,18.7,479,6.4,Alluvial,Rabi
Potato,23.4,295,6.1,Loamy,Rabi
Wheat,21.1,332,6.3,Clayey,Rabi
Maize,23.8,1024,6.2,Loamy,Kharif
Rice,29.6,1085,5.3,Clayey,Kharif
Cotton,33.7,683,7,Alluvial,Kharif
Sugarcane,33.7,2051,7.3,Alluvial,Kharif
Maize,30.5,719,6.2,Alluvial,Kharif
Sugarcane,35.4,2506,7.7,Alluvial,Kharif
Sugarcane,35.4,2166,6.9,Loamy,Kharif
Sugarcane,34.3,2284,6.9,Alluvial,Kharif
Rice,31.3,1727,6.2,Clayey,Kharif
Sugarcane,25.2,1914,6.8,Alluvial,Kharif
Rice,27.8,1285,5.6,Clayey,Kharif
Cotton,25.4,947,6,Loamy,Kharif
Rice,38.6,1973,4.8,Alluvial,Kharif
Sugarcane,36.4,1838,7.1,Alluvial,Kharif
Potato,19.2,328,4.8,Loamy,Rabi
Maize,31.5,515,7.1,Alluvial,Kharif
Maize,29.1,862,6.1,Loamy,Kharif
Wheat,20.7,274,6.8,Loamy,Rabi
Wheat,19.5,428,7.4,Clayey,Rabi
Sugarcane,28,2290,7,Clayey,Kharif
Potato,20.1,583,5.9,Loamy,Rabi
Sugarcane,33.1,1902,7.3,Alluvial,Kharif
Cotton,29.5,924,7.3,Clayey,Kharif
Maize,28.4,574,6.1,Loamy,Kharif
Cotton,23.6,647,7.4,Loamy,Kharif
Rice,32.2,1892,5.6,Clayey,Kharif
Wheat,22.2,487,7.4,Alluvial,Rabi
Potato,20.7,425,5.2,Sandy,Rabi
Sugarcane,36.7,2158,6.5,Loamy,Kharif
Wheat,21.8,473,7,Alluvial,Rabi
Potato,25,427,5.8,Loamy,Rabi
Rice,35.1,1103,6.1,Clayey,Kharif
Sugarcane,29.1,2211,6.3,Alluvial,Kharif
Rice,33.6,1444,5.1,Silty,Kharif
Rice,35.4,2031,5.2,Alluvial,Kharif
Cotton,31.3,878,6.9,Alluvial,Kharif
Wheat,24.9,446,6.5,Alluvial,Rabi
Rice,34.9,1821,5.3,Alluvial,Kharif
Rice,34.2,1962,6.4,Silty,Kharif
Cotton,34.9,618,6.8,Alluvial,Kharif
Rice,36.2,1683,5.1,Silty,Kharif
Cotton,28.9,869,6.9,Clayey,Kharif
Potato,19.1,509,6,Sandy,Rabi
Wheat,16.8,388,7,Loamy,Rabi
Sugarcane,33.9,1693,6.8,Alluvial,Kharif
Cotton,28,818,6.1,Clayey,Kharif
Sugarcane,26.3,1824,6.9,Alluvial,Kharif
Sugarcane,31.9,1528,6.6,Loamy,Kharif
Potato,22.1,512,6,Sandy,Rabi
Rice,25.7,2041,5,Alluvial,Kharif
Sugarcane,27.5,1935,7.1,Clayey,Kharif
Potato,14.5,328,5.2,Sandy,Rabi
Sugarcane,33.8,1905,7.1,Loamy,Kharif
Potato,18.1,327,5.3,Sandy,Rabi
Sugarcane,27.7,2638,6.6,Clayey,Kharif
Potato,23.2,468,5.7,Sandy,Rabi
Sugarcane,28.2,2065,7.7,Loamy,Kharif
Cotton,32.5,709,6.9,Alluvial,Kharif
Potato,18.8,270,5.6,Sandy,Rabi
Maize,29.6,957,6,Sandy,Kharif
Rice,34.6,1889,6.4,Silty,Kharif
Potato,21.1,340,5.1,Loamy,Rabi
Cotton,28,673,6.8,Clayey,Kharif
Maize,26,751,6.5,Loamy,Kharif
Wheat,18.7,443,5.7,Alluvial,Rabi
Rice,32.2,1256,4.8,Alluvial,Kharif
Potato,19.7,452,6.3,Loamy,Rabi
Sugarcane,32,1957,7,Clayey,Kharif
Sugarcane,25.4,1867,7.1,Clayey,Kharif
Cotton,37.5,792,6.3,Clayey,Kharif
Potato,17.1,257,5.3,Sandy,Rabi
Potato,24.7,492,5.3,Loamy,Rabi
Rice,31.5,1685,5.2,Alluvial,Kharif
Sugarcane,24.9,2054,6.7,Clayey,Kharif
Sugarcane,29.7,1697,7.2,Clayey,Kharif
Cotton,32.2,739,6.8,Clayey,Kharif
Sugarcane,29.6,2700,7.5,Loamy,Kharif
Cotton,34,772,6.8,Loamy,Kharif
Potato,17.7,429,6.3,Sandy,Rabi
Cotton,33.7,714,6.4,Clayey,Kharif
Rice,29.6,1952,6,Clayey,Kharif
Sugarcane,34.8,1858,7.6,Clayey,Kharif
Sugarcane,33.3,2510,7.2,Clayey,Kharif
Rice,29.8,1116,5.7,Alluvial,Kharif
Cotton,38.8,526,7.3,Clayey,Kharif
Cotton,36.6,588,7.4,Alluvial,Kharif
Rice,35.9,2126,6,Alluvial,Kharif
Potato,19.3,529,5.6,Sandy,Rabi
Sugarcane,30.1,2008,6.7,Loamy,Kharif
Maize,24.2,689,6.4,Loamy,Kharif
Cotton,34.5,857,6.6,Loamy,Kharif
Maize,33.1,873,6.7,Sandy,Kharif
Sugarcane,25.6,2390,7.6,Alluvial,Kharif
Potato,21.3,485,5.3,Sandy,Rabi
Potato,18,394,6.4,Loamy,Rabi
Potato,21.7,257,5.5,Sandy,Rabi
Sugarcane,24,2133,6.5,Loamy,Kharif
Potato,17.7,459,6.5,Loamy,Rabi
Sugarcane,28.7,1786,6.9,Loamy,Kharif
Potato,21.7,413,6.5,Loamy,Rabi
Maize,25.8,606,6,Sandy,Kharif
Potato,21.7,397,6,Loamy,Rabi
Maize,25.1,823,5.9,Loamy,Kharif
Wheat,24,551,5.6,Loamy,Rabi
Rice,31.5,1270,6.3,Clayey,Kharif
Sugarcane,26.9,2200,7,Alluvial,Kharif
Rice,26.3,2039,6.3,Alluvial,Kharif
Maize,27.7,704,5.3,Sandy,Kharif
Wheat,17.7,370,6.7,Loamy,Rabi
Maize,29.2,533,6.8,Alluvial,Kharif
Rice,36.4,1163,6.2,Alluvial,Kharif
Sugarcane,32.6,1899,6.9,Alluvial,Kharif
Potato,21,506,6.3,Loamy,Rabi
Potato,13.5,421,5.3,Loamy,Rabi
Potato,23.6,411,5.7,Sandy,Rabi
Sugarcane,32.7,2742,7.2,Alluvial,Kharif
Wheat,19.6,365,6.9,Loamy,Rabi
Maize,22.9,691,6.8,Sandy,Kharif
Rice,31.6,1951,5.2,Clayey,Kharif
Maize,30.6,628,5.5,Loamy,Kharif
Sugarcane,34.2,2221,7.4,Alluvial,Kharif
Maize,23,772,5.8,Sandy,Kharif
Maize,25.8,938,5.9,Alluvial,Kharif
Potato,20.5,317,5.7,Loamy,Rabi
Rice,28.9,1375,5.8,Alluvial,Kharif
Cotton,28.4,744,7.4,Loamy,Kharif
Cotton,34.5,877,6.2,Clayey,Kharif
Potato,23.5,383,6.2,Loamy,Rabi
Rice,30.1,1747,5.4,Clayey,Kharif
Wheat,19.7,493,6.9,Alluvial,Rabi
Sugarcane,27.4,1575,7.3,Loamy,Kharif
Potato,24.7,488,4.9,Sandy,Rabi
Sugarcane,31.2,2280,6.9,Alluvial,Kharif
Sugarcane,25.2,2317,7.2,Alluvial,Kharif
Maize,24.2,818,5.7,Loamy,Kharif
Sugarcane,28,2331,7.1,Clayey,Kharif
Sugarcane,31.8,2131,7.1,Loamy,Kharif
Wheat,26.3,539,6.5,Clayey,Rabi
Sugarcane,30.6,2686,6.9,Clayey,Kharif
Maize,32.2,526,6.2,Sandy,Kharif
Cotton,31.1,580,6.3,Alluvial,Kharif
Maize,27.1,852,7,Alluvial,Kharif
Wheat,26,560,6.5,Alluvial,Rabi
Wheat,21,322,6.1,Alluvial,Rabi
Rice,30.4,1174,5.9,Clayey,Kharif
Wheat,17.5,319,6.4,Clayey,Rabi
Wheat,21,499,7.6,Loamy,Rabi
Potato,17.6,514,5.9,Sandy,Rabi
Rice,35.6,1560,5.3,Silty,Kharif
Maize,24.5,786,6.9,Loamy,Kharif
Cotton,32.7,845,6.4,Loamy,Kharif
Rice,27.6,2020,5.5,Silty,Kharif
Cotton,33.5,769,6.1,Clayey,Kharif
Sugarcane,29,1591,7.1,Alluvial,Kharif
Cotton,32.3,670,6.5,Alluvial,Kharif
Maize,20.1,662,6.4,Alluvial,Kharif
Maize,31.2,535,7.1,Alluvial,Kharif
Wheat,18.1,467,7.5,Clayey,Rabi
Wheat,22.1,496,6.8,Alluvial,Rabi
Maize,32.9,715,6.6,Loamy,Kharif
Sugarcane,25,1957,7.3,Loamy,Kharif
Wheat,21.9,338,6.2,Alluvial,Rabi
Potato,23.7,551,6.6,Sandy,Rabi
Maize,26.7,842,5.9,Sandy,Kharif
Wheat,19.1,261,6.5,Clayey,Rabi
Wheat,22.2,329,6.9,Clayey,Rabi
Rice,30,1416,5.6,Alluvial,Kharif
Wheat,24.3,282,7.4,Loamy,Rabi
Maize,27.8,578,5.7,Sandy,Kharif
Cotton,27.4,823,6.3,Loamy,Kharif
Rice,27.6,1579,6.1,Alluvial,Kharif
Potato,18.8,480,6.1,Sandy,Rabi
Rice,37.2,1341,4.8,Alluvial,Kharif
Potato,17.8,412,5,Loamy,Rabi
Wheat,26.1,266,6.3,Clayey,Rabi
Cotton,29.7,727,7.2,Clayey,Kharif
Sugarcane,34.1,2663,7,Loamy,Kharif
Sugarcane,26.6,1730,6.9,Loamy,Kharif
Sugarcane,26.9,1625,6.9,Clayey,Kharif
Rice,34.5,1284,5.6,Alluvial,Kharif
Sugarcane,25.6,2615,6.6,Loamy,Kharif
Rice,35,1744,5.9,Alluvial,Kharif
Sugarcane,28.2,2170,7.2,Loamy,Kharif
Maize,34.5,890,5.9,Loamy,Kharif
Maize,27.3,562,5.8,Loamy,Kharif
Potato,20.1,463,6.5,Loamy,Rabi
Rice,36.1,2078,6,Clayey,Kharif
Rice,28.8,1190,5.7,Clayey,Kharif
Rice,23.6,1437,5.1,Alluvial,Kharif
Maize,20.6,950,6.8,Loamy,Kharif
Sugarcane,35.4,2600,6.7,Alluvial,Kharif
Cotton,29.8,440,7.7,Loamy,Kharif
Sugarcane,37.7,2087,7.1,Alluvial,Kharif
Maize,25.1,960,6.4,Sandy,Kharif
Potato,15.6,462,5.3,Loamy,Rabi
Wheat,26.8,345,6.7,Clayey,Rabi
Maize,26,588,6.2,Loamy,Kharif
Cotton,32.5,553,5.9,Alluvial,Kharif
Wheat,17.6,264,6.9,Alluvial,Rabi
Potato,18.8,406,5.8,Sandy,Rabi
Maize,27,603,6.2,Alluvial,Kharif
Wheat,22.3,354,6.2,Clayey,Rabi
Rice,32.9,1433,6.3,Clayey,Kharif
Wheat,26.9,328,6.4,Alluvial,Rabi
Potato,15.9,291,6.1,Sandy,Rabi
Maize,28.8,746,6.9,Sandy,Kharif
Cotton,36.6,651,7.6,Clayey,Kharif
Maize,31,570,6.5,Sandy,Kharif
Cotton,25.5,674,6.4,Alluvial,Kharif
Wheat,18.7,585,6.2,Loamy,Rabi
Cotton,32.9,833,6.1,Clayey,Kharif
Maize,26.5,565,5.7,Sandy,Kharif
Cotton,31.9,626,7.3,Clayey,Kharif
Potato,17.1,463,5.7,Loamy,Rabi
Rice,37.1,1528,6.2,Alluvial,Kharif
Wheat,16.5,414,5.8,Clayey,Rabi
Cotton,27.7,764,6.8,Alluvial,Kharif
Sugarcane,28.9,1966,6.6,Clayey,Kharif
Cotton,26.9,523,6.3,Clayey,Kharif
Rice,24.8,1784,6.6,Silty,Kharif
Rice,24.7,2060,5.8,Alluvial,Kharif
Potato,20.5,358,5.4,Loamy,Rabi
Potato,21.5,482,5.4,Loamy,Rabi
Sugarcane,34,1752,7.2,Alluvial,Kharif
Potato,22,345,6.1,Loamy,Rabi
Maize,25.9,635,6.9,Sandy,Kharif
Potato,18.8,482,4.8,Loamy,Rabi
Maize,27.2,828,6.3,Loamy,Kharif
Potato,23.8,285,6.8,Loamy,Rabi
Rice,31.6,1542,5.2,Alluvial,Kharif
Maize,33.8,705,5.4,Sandy,Kharif
Maize,24.4,910,5.8,Sandy,Kharif
Sugarcane,27.5,2216,6.8,Clayey,Kharif
Rice,25.1,1543,5.5,Silty,Kharif
Potato,15.7,237,4.8,Loamy,Rabi
Sugarcane,34.4,1989,7,Loamy,Kharif
Maize,24.1,745,6.7,Loamy,Kharif
Sugarcane,27.8,1591,6.3,Loamy,Kharif
Maize,19.5,546,5.3,Alluvial,Kharif
Wheat,17.5,264,7.1,Loamy,Rabi
Maize,27.5,598,6.1,Loamy,Kharif
Maize,25.6,795,5.8,Loamy,Kharif
Potato,25.3,591,6,Loamy,Rabi
Sugarcane,34.3,2336,7.2,Alluvial,Kharif
Rice,38,2068,6.3,Alluvial,Kharif
Wheat,21,448,6.4,Loamy,Rabi
Cotton,33.5,761,6.9,Alluvial,Kharif
Maize,19.9,629,6.9,Sandy,Kharif
Rice,32.7,1236,6.4,Clayey,Kharif
Rice,33.8,1689,6.5,Alluvial,Kharif
Rice,27,2158,5.5,Clayey,Kharif
Cotton,28.9,794,6.6,Clayey,Kharif
Potato,16.1,175,6,Loamy,Rabi
Cotton,30.8,954,7.2,Loamy,Kharif
Maize,22.2,536,6.7,Loamy,Kharif
Cotton,23.3,641,6.3,Alluvial,Kharif
Potato,16.4,291,5.2,Loamy,Rabi
Cotton,34.4,671,6.7,Loamy,Kharif
Sugarcane,27.9,2511,6.9,Alluvial,Kharif
Wheat,19.1,408,6.2,Clayey,Rabi
Sugarcane,34,2007,6.9,Loamy,Kharif
Potato,15.9,451,5.6,Sandy,Rabi
Wheat,17.1,466,6.4,Loamy,Rabi
Cotton,38.1,606,6.8,Alluvial,Kharif
Wheat,16.5,352,7,Loamy,Rabi
Maize,32.7,944,6.7,Alluvial,Kharif
Cotton,36.3,668,6.5,Clayey,Kharif
Rice,35.3,1691,5.6,Clayey,Kharif
Maize,33.7,573,6.6,Alluvial,Kharif
Wheat,22.8,458,6.9,Clayey,Rabi
Sugarcane,28.6,2420,7.5,Loamy,Kharif
Wheat,17.8,257,7.2,Loamy,Rabi
Sugarcane,35.7,1682,7.6,Clayey,Kharif
Wheat,22.3,452,6.8,Clayey,Rabi
Wheat,16.8,312,7.4,Loamy,Rabi
Rice,34.6,1522,5.1,Clayey,Kharif
Potato,13,486,5.3,Loamy,Rabi
Cotton,35.5,773,6.9,Clayey,Kharif
Wheat,19.6,406,6.5,Alluvial,Rabi
